1,James,Butt,Benton John B Jr,6649 N Blue Gum St,New Orleans,Orleans,LA,70116
2,Josephine,Darakjy,Chanay Jeffrey A Esq,4 B Blue Ridge Blvd,Brighton,Livingston,MI,48116
3,Art,Venere,Chemel James L Cpa,8 W Cerritos Ave #54,Bridgeport,Gloucester,NJ,8014
4,Lenna,Paprocki,Feltz Printing Service,639 Main St,Anchorage,Anchorage,AK,99501
5,Donette,Foller,Printing Dimensions,34 Center St,Hamilton,Butler,OH,45011
6,Simona,Morasca,Chapman Ross E Esq,3 Mcauley Dr,Ashland,Ashland,OH,44805
7,Mitsue,Tollner,Morlong Associates,7 Eads St,Chicago,Cook,IL,60632
8,Leota,Dilliard,Commercial Press,7 W Jackson Blvd,San Jose,Santa Clara,CA,95111
9,Sage,Wieser,Truhlar And Truhlar Attys,5 Boston Ave #88,Sioux Falls,Minnehaha,SD,57105
10,Kris,Marrier,King  Christopher A Esq,228 Runamuck Pl #2808,Baltimore,Baltimore City,MD,21224
11,Minna,Amigon,Dorl James J Esq,2371 Jerrold Ave,Kulpsville,Montgomery,PA,19443
12,Abel,Maclead,Rangoni Of Florence,37275 St  Rt 17m M,Middle Island,Suffolk,NY,11953
13,Kiley,Caldarera,Feiner Bros,25 E 75th St #69,Los Angeles,Los Angeles,CA,90034
14,Graciela,Ruta,Buckley Miller & Wright,98 Connecticut Ave Nw,Chagrin Falls,Geauga,OH,44023
15,Cammy,Albares,Rousseaux Michael Esq,56 E Morehead St,Laredo,Webb,TX,78045
16,Mattie,Poquette,Century Communications,73 State Road 434 E,Phoenix,Maricopa,AZ,85013
17,Meaghan,Garufi,Bolton Wilbur Esq,69734 E Carrillo St,Mc Minnville,Warren,TN,37110
18,Gladys,Rim,T M Byxbee Company Pc,322 New Horizon Blvd,Milwaukee,Milwaukee,WI,53207
19,Yuki,Whobrey,Farmers Insurance Group,1 State Route 27,Taylor,Wayne,MI,48180
20,Fletcher,Flosi,Post Box Services Plus,394 Manchester Blvd,Rockford,Winnebago,IL,61109
21,Bette,Nicka,Sport En Art,6 S 33rd St,Aston,Delaware,PA,19014
22,Veronika,Inouye,C 4 Network Inc,6 Greenleaf Ave,San Jose,Santa Clara,CA,95111
23,Willard,Kolmetz,Ingalls Donald R Esq,618 W Yakima Ave,Irving,Dallas,TX,75062
24,Maryann,Royster,Franklin Peter L Esq,74 S Westgate St,Albany,Albany,NY,12204
25,Alisha,Slusarski,Wtlz Power 107 Fm,3273 State St,Middlesex,Middlesex,NJ,8846
26,Allene,Iturbide,"Ledecky, David Esq",1 Central Ave,Stevens Point,Portage,WI,54481
27,Chanel,Caudy,Professional Image Inc,86 Nw 66th St #8673,Shawnee,Johnson,KS,66218
28,Ezekiel,Chui,Sider Donald C Esq,2 Cedar Ave #84,Easton,Talbot,MD,21601
29,Willow,Kusko,U Pull It,90991 Thorburn Ave,New York,New York,NY,10011
30,Bernardo,Figeroa,Clark Richard Cpa,386 9th Ave N,Conroe,Montgomery,TX,77301
31,Ammie,Corrio,"Moskowitz, Barry S",74874 Atlantic Ave,Columbus,Franklin,OH,43215
32,Francine,Vocelka,Cascade Realty Advisors Inc,366 South Dr,Las Cruces,Dona Ana,NM,88011
33,Ernie,Stenseth,Knwz Newsradio,45 E Liberty St,Ridgefield Park,Bergen,NJ,7660
34,Albina,Glick,"Giampetro, Anthony D",4 Ralph Ct,Dunellen,Middlesex,NJ,8812
35,Alishia,Sergi,Milford Enterprises Inc,2742 Distribution Way,New York,New York,NY,10025
36,Solange,Shinko,"Mosocco, Ronald A",426 Wolf St,Metairie,Jefferson,LA,70002
37,Jose,Stockham,Tri State Refueler Co,128 Bransten Rd,New York,New York,NY,10011
38,Rozella,Ostrosky,Parkway Company,17 Morena Blvd,Camarillo,Ventura,CA,93012
39,Valentine,Gillian,Fbs Business Finance,775 W 17th St,San Antonio,Bexar,TX,78204
40,Kati,Rulapaugh,Eder Assocs Consltng Engrs Pc,6980 Dorsett Rd,Abilene,Dickinson,KS,67410
41,Youlanda,Schemmer,Tri M Tool Inc,2881 Lewis Rd,Prineville,Crook,OR,97754
42,Dyan,Oldroyd,International Eyelets Inc,7219 Woodfield Rd,Overland Park,Johnson,KS,66204
43,Roxane,Campain,Rapid Trading Intl,1048 Main St,Fairbanks,Fairbanks North Star,AK,99708
44,Lavera,Perin,Abc Enterprises Inc,678 3rd Ave,Miami,Miami-Dade,FL,33196
45,Erick,Ferencz,Cindy Turner Associates,20 S Babcock St,Fairbanks,Fairbanks North Star,AK,99712
46,Fatima,Saylors,"Stanton, James D Esq",2 Lighthouse Ave,Hopkins,Hennepin,MN,55343
47,Jina,Briddick,Grace Pastries Inc,38938 Park Blvd,Boston,Suffolk,MA,2128
48,Kanisha,Waycott,"Schroer, Gene E Esq",5 Tomahawk Dr,Los Angeles,Los Angeles,CA,90006
49,Emerson,Bowley,Knights Inn,762 S Main St,Madison,Dane,WI,53711
50,Blair,Malet,Bollinger Mach Shp & Shipyard,209 Decker Dr,Philadelphia,Philadelphia,PA,19132
51,Brock,Bolognia,Orinda News,4486 W O St #1,New York,New York,NY,10003
52,Lorrie,Nestle,Ballard Spahr Andrews,39 S 7th St,Tullahoma,Coffee,TN,37388
53,Sabra,Uyetake,Lowy Limousine Service,98839 Hawthorne Blvd #6101,Columbia,Richland,SC,29201
54,Marjory,Mastella,Vicon Corporation,71 San Mateo Ave,Wayne,Delaware,PA,19087
55,Karl,Klonowski,"Rossi, Michael M",76 Brooks St #9,Flemington,Hunterdon,NJ,8822
56,Tonette,Wenner,Northwest Publishing,4545 Courthouse Rd,Westbury,Nassau,NY,11590
57,Amber,Monarrez,Branford Wire & Mfg Co,14288 Foster Ave #4121,Jenkintown,Montgomery,PA,19046
58,Shenika,Seewald,East Coast Marketing,4 Otis St,Van Nuys,Los Angeles,CA,91405
59,Delmy,Ahle,Wye Technologies Inc,65895 S 16th St,Providence,Providence,RI,2909
60,Deeanna,Juhas,Healy George W Iv,14302 Pennsylvania Ave,Huntingdon Valley,Montgomery,PA,19006
61,Blondell,Pugh,Alpenlite Inc,201 Hawk Ct,Providence,Providence,RI,2904
62,Jamal,Vanausdal,Hubbard Bruce Esq,53075 Sw 152nd Ter #615,Monroe Township,Middlesex,NJ,8831
63,Cecily,Hollack,Arthur A Oliver & Son Inc,59 N Groesbeck Hwy,Austin,Travis,TX,78731
64,Carmelina,Lindall,George Jessop Carter Jewelers,2664 Lewis Rd,Littleton,Douglas,CO,80126
65,Maurine,Yglesias,Schultz Thomas C Md,59 Shady Ln #53,Milwaukee,Milwaukee,WI,53214
66,Tawna,Buvens,H H H Enterprises Inc,3305 Nabell Ave #679,New York,New York,NY,10009
67,Penney,Weight,Hawaiian King Hotel,18 Fountain St,Anchorage,Anchorage,AK,99515
68,Elly,Morocco,Killion Industries,7 W 32nd St,Erie,Erie,PA,16502
69,Ilene,Eroman,Robinson William J Esq,2853 S Central Expy,Glen Burnie,Anne Arundel,MD,21061
70,Vallie,Mondella,Private Properties,74 W College St,Boise,Ada,ID,83707
71,Kallie,Blackwood,Rowley Schlimgen Inc,701 S Harrison Rd,San Francisco,San Francisco,CA,94104
72,Johnetta,Abdallah,Forging Specialties,1088 Pinehurst St,Chapel Hill,Orange,NC,27514
73,Bobbye,Rhym,Smits Patricia Garity,30 W 80th St #1995,San Carlos,San Mateo,CA,94070
74,Micaela,Rhymes,H Lee Leonard Attorney At Law,20932 Hedley St,Concord,Contra Costa,CA,94520
75,Tamar,Hoogland,A K Construction Co,2737 Pistorio Rd #9230,London,Madison,OH,43140
76,Moon,Parlato,"Ambelang, Jessica M Md",74989 Brandon St,Wellsville,Allegany,NY,14895
77,Laurel,Reitler,Q A Service,6 Kains Ave,Baltimore,Baltimore City,MD,21215
78,Delisa,Crupi,Wood & Whitacre Contractors,47565 W Grand Ave,Newark,Essex,NJ,7105
79,Viva,Toelkes,Mark Iv Press Ltd,4284 Dorigo Ln,Chicago,Cook,IL,60647
80,Elza,Lipke,Museum Of Science & Industry,6794 Lake Dr E,Newark,Essex,NJ,7104
81,Devorah,Chickering,Garrison Ind,31 Douglas Blvd #950,Clovis,Curry,NM,88101
82,Timothy,Mulqueen,Saronix Nymph Products,44 W 4th St,Staten Island,Richmond,NY,10309
83,Arlette,Honeywell,Smc Inc,11279 Loytan St,Jacksonville,Duval,FL,32254
84,Dominque,Dickerson,E A I Electronic Assocs Inc,69 Marquette Ave,Hayward,Alameda,CA,94545
85,Lettie,Isenhower,Conte Christopher A Esq,70 W Main St,Beachwood,Cuyahoga,OH,44122
86,Myra,Munns,Anker Law Office,461 Prospect Pl #316,Euless,Tarrant,TX,76040
87,Stephaine,Barfield,Beutelschies & Company,47154 Whipple Ave Nw,Gardena,Los Angeles,CA,90247
88,Lai,Gato,Fligg Kenneth I Jr,37 Alabama Ave,Evanston,Cook,IL,60201
89,Stephen,Emigh,Sharp J Daniel Esq,3777 E Richmond St #900,Akron,Summit,OH,44302
90,Tyra,Shields,Assink Anne H Esq,3 Fort Worth Ave,Philadelphia,Philadelphia,PA,19106
91,Tammara,Wardrip,Jewel My Shop Inc,4800 Black Horse Pike,Burlingame,San Mateo,CA,94010
92,Cory,Gibes,Chinese Translation Resources,83649 W Belmont Ave,San Gabriel,Los Angeles,CA,91776
93,Danica,Bruschke,Stevens Charles T,840 15th Ave,Waco,McLennan,TX,76708
94,Wilda,Giguere,Mclaughlin Luther W Cpa,1747 Calle Amanecer #2,Anchorage,Anchorage,AK,99501
95,Elvera,Benimadho,Tree Musketeers,99385 Charity St #840,San Jose,Santa Clara,CA,95110
96,Carma,Vanheusen,Springfield Div Oh Edison Co,68556 Central Hwy,San Leandro,Alameda,CA,94577
97,Malinda,Hochard,Logan Memorial Hospital,55 Riverside Ave,Indianapolis,Marion,IN,46202
98,Natalie,Fern,Kelly Charles G Esq,7140 University Ave,Rock Springs,Sweetwater,WY,82901
99,Lisha,Centini,Industrial Paper Shredders Inc,64 5th Ave #1153,Mc Lean,Fairfax,VA,22102
100,Arlene,Klusman,Beck Horizon Builders,3 Secor Rd,New Orleans,Orleans,LA,70112